MSA Full Name,Unit (Valid for crosstab only) ,2012,2013,2014,2015,2016,2017,2018,2019,2020,2021
"Abilene, TX",Millions of USD,92917742,66958538,90305437,99532855,79319630,45889719,46533326,53439951,60439170,62579606
"Aguadilla-Isabela, PR",Millions of USD,637088739,665171086,748141187,622571256,469487657,455343981,450390099,469574919,395610714,391270350
"Akron, OH",Millions of USD,3821459065,3544500989,3393740655,3019338047,2768167101,2716456631,2765363538,2667442160,2187946782,2539855992
"Albany, GA",Millions of USD,281658074,368420258,310376435,329093113,349093360,251907452,273747839,321300029,331414344,359012195
"Albany-Lebanon, OR",Millions of USD,,610490154,589450386,649716355,620356109,678014474,748018202,717026101,580894155,678674965
"Albany-Schenectady-Troy, NY",Millions of USD,3420057593,3946129526,4547005040,4470252034,4134953569,3883187614,3325828386,3068224357,3153538774,3398446098
"Albuquerque, NM",Millions of USD,1790610246,1389643068,1563956935,1761198923,999733036,624156322,771485765,1629703578,1265346974,2215037106
"Alexandria, LA",Millions of USD,74481590,104976099,95432092,111011750,68153139,19809311,19108540,75416115,37719769,64189478
"Allentown-Bethlehem-Easton, PA-NJ",Millions of USD,2939010235,2949890351,3152479779,3439947474,3657167948,3639447886,3423194850,3796331801,3207407309,4088744997
"Altoona, PA",Millions of USD,256799912,262280208,306186010,276730580,254005588,215397794,227525040,213333791,161711961,192066757
"Amarillo, TX",Millions of USD,382645631,580714616,600398276,480959618,455232151,527800106,,673464466,465464242,847110102
"Ames, IA",Millions of USD,251247341,253333934,274891348,261711810,316741175,385769149,456348674,545154896,499007352,625460034
"Anchorage, AK",Millions of USD,416415765,518045298,571821280,421899263,1215373628,1675886465,1510835997,1348043417,990922431,
"Anderson, IN",Millions of USD,103393736,,,,,,,,,
"Anderson, SC",Millions of USD,471283072,,,,,,,,,
"Ann Arbor, MI",Millions of USD,1053430336,1156182132,1213578406,1052959525,1207925469,1447380385,1538690113,1432687472,1183094427,1230663582
"Anniston-Oxford, AL",Millions of USD,201133458,192707976,277420363,281134606,278686230,278670826,328491284,409976036,272353123,301953823
"Appleton, WI",Millions of USD,971609948,946556681,918013300,837893856,1023195091,1084023672,1055530774,1084730595,1004414393,860473487
"Arecibo, PR",Millions of USD,,280705593,342139066,544708934,518464932,411567892,460140178,448203761,431057603,536339770
"Asheville, NC",Millions of USD,975078919,1080349046,1113795333,1144429613,1114564069,1094905074,1022227994,846084169,822309831,876419473
"Athens-Clarke County, GA",Millions of USD,229679094,286012297,320782781,327377113,332117233,297717365,378149952,442083718,338664742,448147674
"Atlanta-Sandy Springs-Alpharetta, GA",Millions of USD,18169075027,18827866222,19870280461,19163941224,20480097402,21748003609,24091559659,25800810021,25790985400,28116423883
"Atlantic City-Hammonton, NJ",Millions of USD,62984031,48235686,47566136,39597449,35080508,40390274,66487280,69767565,66572244,97338589
"Auburn-Opelika, AL",Millions of USD,434140551,395365282,418815091,438352946,401478064,271153427,171444159,158602624,136173397,139408629
"Augusta-Richmond County, GA-SC",Millions of USD,1318338040,1283794951,1217508831,1153359384,940509593,970118708,1034182370,1079314030,872066853,1061538182
"Austin-Round Rock-Georgetown, TX",Millions of USD,8976611543,8870843552,9400015770,10094497878,10682654557,12451455827,12929924885,12509008860,13041507739,15621882854
"Bakersfield, CA",Millions of USD,3083333091,3670183382,3270354265,2696824011,2699146005,3210782568,3372707592,3266728744,3008673708,3474139568
"Baltimore-Columbia-Towson, MD",Millions of USD,5793219430,5890364597,6441581341,6047172773,5288567449,4674339738,6039215109,7081804292,6084602134,8200601951
"Bangor, ME",Millions of USD,208446768,109495697,113845343,129165260,125309020,120388458,151220157,166707486,108929288,215918448
"Barnstable Town, MA",Millions of USD,117750824,114112596,131040874,112171588,139651492,106131874,130886378,127673220,111475012,133635003
"Baton Rouge, LA",Millions of USD,5820164837,6261461529,7528260981,6505372388,6580459678,8830297778,10506149076,8981183304,8023476612,8769945887
"Battle Creek, MI",Millions of USD,971489317,1000464979,1123742373,1085098905,1051498063,998614352,937597858,868696103,683083023,683958933
"Bay City, MI",Millions of USD,265658072,203356495,232486223,243382641,241849222,253427794,312763438,290619286,260127072,262028567
"Beaumont-Port Arthur, TX",Millions of USD,5448117396,8243740130,8236516398,8794539655,9675125244,16153309256,21370441217,22033042951,11568152554,25715791394
"Beckley, WV",Millions of USD,,93024954,44158103,37422460,20592665,32819535,49332297,47585395,95471393,
"Bellingham, WA",Millions of USD,1642712278,2633936091,2999713563,2044936512,1839925425,1811140425,1822211385,2109480172,1663913509,2065791455
"Bend, OR",Millions of USD,93480760,119046782,114901706,149267148,214754977,204670216,193976618,194973265,177388217,170135288
"Billings, MT",Millions of USD,141405901,139799508,133152329,66849669,50698578,78791273,114333075,141885055,116027060,173792943
"Binghamton, NY",Millions of USD,508309742,388509159,470958380,431383961,404826227,394598556,430127728,392447053,361036508,375351657
"Birmingham-Hoover, AL",Millions of USD,1939217017,1865268570,1803452572,1791211363,1870191001,2099575300,2249267588,1589996336,1378298743,1501715494
"Bismarck, ND",Millions of USD,93059785,119062806,191285571,153044086,182278906,243927270,179166856,127749402,145856603,326125374
"Blacksburg-Christiansburg, VA",Millions of USD,844333562,753377846,1042507295,1070333121,794621716,804430088,1017091327,1044703452,636368071,899910283
"Bloomington, IL",Millions of USD,315221595,682490044,696934006,259214500,107569463,109455102,76334622,106764177,119393809,137741052
"Bloomington, IN",Millions of USD,1214603395,1741677473,1567043344,1107400052,941613894,963445919,994941801,1177095292,1135437005,1561341325
"Bloomsburg-Berwick, PA",Millions of USD,,223129452,228611223,214431672,223070555,197538162,161237658,159331421,112176950,135430331
"Boise City, ID",Millions of USD,4088209242,3657906129,3143389879,2667996578,3021710848,2483281268,2771716177,2062777903,1632889165,1937054490
"Boston-Cambridge-Newton, MA-NH",Millions of USD,21234751265,22212845185,23378476063,21329531446,21168029590,23116152366,24450101039,23505848205,23233768911,32084174876
"Boulder, CO",Millions of USD,1128000656,1045962791,1016078443,1039073210,956282450,1011983320,1044105218,1014948916,1110392441,1077999989
"Bowling Green, KY",Millions of USD,589575011,536865454,417432199,281990279,293842655,284211639,422101776,281271762,254014351,402988539
"Bremerton-Silverdale-Port Orchard, WA",Millions of USD,81848486,84513463,81062545,80081750,72089806,54485825,61585467,76460785,65626385,60353972
"Bridgeport-Stamford-Norwalk, CT",Millions of USD,10332605997,11055161841,12103041841,9207542605,8556206773,8278216712,8546605680,7990662627,6779767604,7614497813
"Brownsville-Harlingen, TX",Millions of USD,4577001315,4621741351,5396347048,4412469706,5016675071,,6293028572,4741767485,,6953005439
"Brunswick, GA",Millions of USD,613967186,602807941,812576146,986308894,810526533,667511610,666955468,638701938,532365697,603439515
"Buffalo-Cheektowaga, NY",Millions of USD,4305068299,4376550348,4798726519,4684563316,4783393442,5018175849,5292045792,5210489855,4399138315,5058377664
"Burlington, NC",Millions of USD,251295825,284262906,266578142,283495322,291554231,322800180,331092072,302881393,246159448,332056510
"Burlington-South Burlington, VT",Millions of USD,3571978212,3434493896,3012563491,2089445401,1404703741,1264708793,1768417603,2031080865,1425557317,1621895617
"California-Lexington Park, MD",Millions of USD,,26910365,23665450,15318542,12818203,63623759,72751254,28159267,30320187,73112315
"Canton-Massillon, OH",Millions of USD,1593040022,1288828903,1229242050,1143114942,960124064,1040648898,1224356965,1043980104,875389898,1090477722
"Cape Coral-Fort Myers, FL",Millions of USD,509837300,442609535,496614135,487343008,540335612,592311975,668032776,694873048,654782503,797468370
"Cape Girardeau, MO-IL",Millions of USD,134837847,132506915,131047262,117380098,101849392,116316736,122777891,110633089,113152422,135976149
"Carbondale-Marion, IL",Millions of USD,,248446058,325530461,231749718,150273306,169760745,181311660,191429955,165042709,256116157
"Carson City, NV",Millions of USD,137312329,139274285,145031122,119151921,128143207,138855930,137202894,138152310,128850714,210582392
"Casper, WY",Millions of USD,218436896,137249290,93786935,43882384,33918457,50990737,66452320,67150674,44226632,81825402
"Cedar Rapids, IA",Millions of USD,889145165,930226158,878982119,873450129,945032532,1071558861,1025037345,1028357500,831994404,979981694
"Chambersburg-Waynesboro, PA",Millions of USD,,603629347,659150924,475274526,493677370,519438962,550062291,487799611,445376001,599194894
"Champaign-Urbana, IL",Millions of USD,1058414857,1029599191,1012034778,952346925,899148222,1021849735,1024940179,696106012,486090975,636085911
"Charleston, WV",Millions of USD,2082738753,891145064,685880665,416991739,425876983,562932343,795564431,731216940,574063508,547872613
"Charleston-North Charleston, SC",Millions of USD,2429849124,3464268288,5866745623,6457452834,9508137298,8845163538,10943213763,16337880699,6110495536,3381583104
"Charlotte-Concord-Gastonia, NC-SC",Millions of USD,6322573413,10684090857,12885335786,13985766702,11944091248,13122488455,14083166820,13892371950,8225638292,10554251547
"Charlottesville, VA",Millions of USD,241502520,231822428,198795676,167598292,178701009,203466027,259995073,182803803,165692250,173039622
"Chattanooga, TN-GA",Millions of USD,1849105623,1790010221,1509408855,1200583273,1142282682,1448433709,1842821602,1538582699,1191966716,1902350709
"Cheyenne, WY",Millions of USD,55654413,28858986,22411832,31379454,39104883,40336664,46323930,45907764,36465523,50633860
"Chicago-Naperville-Elgin, IL-IN-WI",Millions of USD,40567953537,44910611016,47340117500,44820883328,43932744922,46140211297,47287787440,42438846285,41279399634,54498058448
"Chico, CA",Millions of USD,258011279,266901572,310398115,294938559,319488552,351041384,329990983,301774449,323836857,317975509
"Cincinnati, OH-KY-IN",Millions of USD,19966787842,20976369321,22280701543,24127004608,26326206905,28581820539,27396254871,28778271274,21002241130,23198663337
"Clarksville, TN-KY",Millions of USD,326330250,315891247,323660504,296478048,376073225,360219341,435458083,341818219,246801136,288669322
"Cleveland, TN",Millions of USD,204003726,242119806,276003072,276137193,445970134,558992818,309401304,440545312,469497490,504165485
"Cleveland-Elyria, OH",Millions of USD,11063730494,11137897750,10706497571,9629744096,8752851707,8944936470,9382888789,8829938806,7415828016,8560378321
"Coeur d'Alene, ID",Millions of USD,527059082,742658561,414682109,203070013,253243175,260423605,201703926,234326254,476269720,519887402
"College Station-Bryan, TX",Millions of USD,103598756,108661954,129658343,122544184,113205097,145374688,152983573,160505757,114853357,110286739
"Colorado Springs, CO",Millions of USD,1044574535,1065398660,856551349,832409698,786871464,819710731,850582713,864188804,979180480,866855414
"Columbia, MO",Millions of USD,296615649,423860559,237712941,213981313,213703248,224027095,238594868,291424828,256209233,335443412
"Columbia, SC",Millions of USD,1543644024,1681314281,2007947267,2011811320,2007670379,2123915614,2083840598,2184605643,2058830290,2100162262
"Columbus, GA-AL",Millions of USD,346148619,362877997,579422102,530757453,480713341,540983264,763086947,499742576,650546589,564764710
"Columbus, IN",Millions of USD,1062613193,1688179544,1866627929,1811239923,1859140264,2068397847,2296216507,2320938785,1891758852,2319116911
"Columbus, OH",Millions of USD,5488550180,5731371661,6245572437,6201596866,5675358548,5962197881,7529469010,7296643583,6304818308,6557880981
"Corpus Christi, TX",Millions of USD,5809394716,5144752585,5132158556,5187906808,8726022431,13807645243,20684743962,26814111056,28784079617,46692407570
"Corvallis, OR",Millions of USD,281798726,268404399,234385418,237730618,229669217,209619384,181521106,163646914,140174095,238481989
"Crestview-Fort Walton Beach-Destin, FL",Millions of USD,106972709,120294242,86836357,67577385,111319396,116569376,96460071,92501406,95866250,112099321
"Cumberland, MD-WV",Millions of USD,47958388,44843585,43476775,30029136,38478179,40200262,53074519,37184972,27706712,56857769
"Dallas-Fort Worth-Arlington, TX",Millions of USD,27820946540,27595985143,28669434489,27372897104,27187789534,30269101694,36260871500,39474040106,35641969683,43189011343
"Dalton, GA",Millions of USD,498420146,480057669,547513441,493194679,422695937,440377618,418537414,413463556,314928275,329471352
"Danville, IL",Millions of USD,310411376,316152016,296098342,271395295,265216250,245062576,228745901,183584722,162140204,236303211
"Danville, VA",Millions of USD,272776212,,,,,,,,,
"Daphne-Fairhope-Foley, AL",Millions of USD,,515265503,531592212,880245461,1341052129,1770040047,2751824649,2866687275,2055997675,2093467258
"Davenport-Moline-Rock Island, IA-IL",Millions of USD,7926075861,7141195616,6563156267,5711786878,4497625914,5442670374,6761922147,6066270896,5097508164,6341046671
"Dayton-Kettering, OH",Millions of USD,2790370866,2740080021,3026086780,2991073869,2874511912,3267627502,3478924737,3221589918,2687191549,3028942233
"Decatur, AL",Millions of USD,643661005,673093963,684337729,563422665,574854063,448618944,337747870,335451449,315604502,347488663
"Decatur, IL",Millions of USD,5936422239,2169365524,2042000454,1833852963,1837836805,2019842777,2036917231,2381405515,2759112886,2852990266
"Deltona-Daytona Beach-Ormond Beach, FL",Millions of USD,311150617,380106308,407168230,419407171,322637874,290357957,292693289,294880262,271402638,303509077
"Denver-Aurora-Lakewood, CO",Millions of USD,3355784998,3618375859,4958566711,3909540425,3649324269,3954672851,4544297669,4555598157,4604447356,4670839912
"Des Moines-West Des Moines, IA",Millions of USD,1183201634,1279357227,1361815052,1047793642,1052202625,1141216791,1293722957,1437841342,1413988737,1706596242
"Detroit-Warren-Dearborn, MI",Millions of USD,55387305415,53906460059,50279302687,44348613592,42131682703,45542733706,44131350233,41070377230,30715101921,35433241683
"Dothan, AL",Millions of USD,277354913,374666514,334001152,221432914,222079417,223398977,193785040,78164725,89779949,152473679
"Dover, DE",Millions of USD,52716432,56252667,93658151,54978473,70347540,247576190,209602126,198772643,167133795,128450700
"Dubuque, IA",Millions of USD,138633921,150158191,146754077,136538302,137386554,129429254,142071259,123960972,108083006,128315076
"Duluth, MN-WI",Millions of USD,533429017,690924327,948565310,574359023,672944737,852877670,1171666071,1269699818,1028848136,1317153282
"Durham-Chapel Hill, NC",Millions of USD,2723194804,2971660713,2933960911,2807230634,2937384382,3128388903,3945764118,4452910870,3359336872,3326413224
"East Stroudsburg, PA",Millions of USD,,78965898,92232900,77532562,63116903,99943489,134514378,216538428,173570398,241459746
"Eau Claire, WI",Millions of USD,772100357,793850603,798129707,813226417,727301388,670344314,727738995,696220687,884263305,715719867
"El Centro, CA",Millions of USD,2826771955,3229976843,3513996193,4151958929,4814257203,5686631919,4650606354,4322723736,4873545299,5341430889
"El Paso, TX",Millions of USD,12796863134,14359748977,20079305935,24560886770,26452782640,25814129207,30051967228,32749577318,27154408373,32397873313
"Elizabethtown-Fort Knox, KY",Millions of USD,215239465,223474556,276635827,282796327,255880946,216206929,190821137,168186546,121495529,134578786
"Elkhart-Goshen, IN",Millions of USD,1668168785,1871156211,1861785798,1532299116,1563013074,1788603233,2125714433,1832344372,1537145314,2508889768
"Elmira, NY",Millions of USD,198958802,167839892,169558806,183890858,160540153,150785680,155559070,145250240,159278283,203400962
"Enid, OK",Millions of USD,,,,,29090855,53682831,52192853,60108727,72947139,126431513
"Erie, PA",Millions of USD,1854242396,1808060813,1427853179,1482544803,1114294296,1297404727,1179020859,1002467557,1271718035,1058315151
"Eugene-Springfield, OR",Millions of USD,482160820,476021749,495702383,400180558,371750497,391290441,400061997,360041135,340593129,426728963
"Evansville, IN-KY",Millions of USD,4025341589,3865638152,3756481738,4483668277,3022446604,4001872916,3629545132,2951847600,3583068488,3999818664
"Fairbanks, AK",Millions of USD,85456740,36679047,34816585,8801918,3459019,7729443,3978620,22696354,25436654,
"Fajardo, PR",Millions of USD,84236610,,,,,,,,,
"Fargo, ND-MN",Millions of USD,785932382,817904416,782817932,543220635,474456640,519471926,553513049,514988543,438297948,539440275
"Farmington, NM",Millions of USD,29559325,34785961,83477690,43762494,50582165,114032729,27959548,,43033611,17123369
"Fayetteville, NC",Millions of USD,322316879,343964560,375784641,256280819,179845444,231563531,260462139,287813501,295914077,340592705
"Fayetteville-Springdale-Rogers, AR",Millions of USD,667603762,699092035,786912943,710131839,682820591,635156203,672617791,646099803,538689036,679278104
"Flagstaff, AZ",Millions of USD,273983692,253615256,,,,66600120,61263509,53233365,53300605,82863683
"Flint, MI",Millions of USD,399209238,474566363,561334232,582801371,611878508,535434277,723471898,786750687,805498151,755151955
"Florence, SC",Millions of USD,702218201,620473829,699973910,696712144,633696411,653932255,722797403,855501134,840355015,943822135
"Florence-Muscle Shoals, AL",Millions of USD,140389799,229665992,225833040,393740336,282902178,271541321,276218213,211835369,153465258,146578841
"Fond du Lac, WI",Millions of USD,582118724,582155629,558076644,583100917,553821325,667422836,711391542,725097870,737858160,871505269
"Fort Collins, CO",Millions of USD,861676855,986145083,1037353789,990656784,993766714,1034078522,1021841198,1060016057,1092540762,1132535986
"Fort Smith, AR-OK",Millions of USD,503124936,497983981,484665810,485266934,408164190,421034291,439142448,392162390,347978921,382783820
"Fort Wayne, IN",Millions of USD,1353487733,1441813137,1581076866,1528992936,1322226778,1422826185,1593297713,1438469792,1144634824,1592689201
"Fresno, CA",Millions of USD,2626412853,3066746523,2974908097,2681714018,2517617631,2466202405,2399753228,2768322823,2996903133,3246633682
"Gadsden, AL",Millions of USD,31442416,54576362,73418187,56572114,47343698,30282047,29121578,29914645,27735601,28228289
"Gainesville, FL",Millions of USD,348627963,295047761,304319755,291628294,277347826,292132835,370203690,297199653,260865244,320688632
"Gainesville, GA",Millions of USD,762023499,770310673,766823922,728354059,738736283,759347758,776650165,648035511,616157932,834318186
"Gettysburg, PA",Millions of USD,,82869704,63739007,55693239,50822927,59047162,60569952,73338717,69283641,81728018
"Glens Falls, NY",Millions of USD,243239769,270200677,275264280,247180985,261847361,246509127,282735202,253447076,244336599,277207253
"Goldsboro, NC",Millions of USD,116552112,125384101,176033265,147185477,139899205,137603421,128783812,153927698,129151982,128781964
"Grand Forks, ND-MN",Millions of USD,224711950,237839349,212130616,187674395,153386452,181241459,284167171,268949179,229279124,213128743
"Grand Island, NE",Millions of USD,,1092601293,1074135930,715379492,685187390,754846240,763013628,654137933,651968216,700149736
"Grand Junction, CO",Millions of USD,128554036,154734287,128079454,125461216,85645435,79353737,96244192,79245465,70601682,85147860
"Grand Rapids-Kentwood, MI",Millions of USD,3156396520,5314750839,5244546571,5142957152,5168529980,5385818055,5420862136,5214135895,4488339425,5171735464
"Grants Pass, OR",Millions of USD,,35079855,35853152,49928451,42151993,48910181,46738196,46041449,43611890,45068227
"Great Falls, MT",Millions of USD,98012161,72022510,60534260,75801234,160790570,104174329,69029103,65993981,84224605,49482140
"Greeley, CO",Millions of USD,1381410164,1287477381,1343559909,1240051423,1539595984,1492795810,1366471869,1439175755,1480404930,2022611141
"Green Bay, WI",Millions of USD,1031612876,914765475,988651361,968135029,1044044270,1054846733,1044258772,928174466,736448763,765550668
"Greensboro-High Point, NC",Millions of USD,4281926132,4278274340,3505502480,3286075062,3730449602,3537942953,3053477363,2561786576,2007258993,2356190020
"Greenville, NC",Millions of USD,770609754,753214548,1001268866,912118766,1560668277,2281923123,1598086618,912476188,828130679,1040503277
"Greenville-Anderson, SC",Millions of USD,12291825186,12187032125,15205982489,14918681976,13596727872,12940941474,12974156282,14511478865,13835184341,15090397336
"Guayama, PR",Millions of USD,402623844,240577276,206546409,177830052,161888897,101589645,179854682,159655462,113143042,137008714
"Gulfport-Biloxi, MS",Millions of USD,1054649475,5156685178,4764470782,3986288906,3414300266,4039399313,4010691810,3763758151,2785971986,4273442099
"Hagerstown-Martinsburg, MD-WV",Millions of USD,330129373,296151899,237943156,187823691,156198035,120064704,136349751,139189116,156890810,114820639
"Hammond, LA",Millions of USD,,123845695,100535495,95479974,47572923,58821670,71942113,39509291,68934797,100469147
"Hanford-Corcoran, CA",Millions of USD,446786373,512818992,410635504,373948174,324717148,365762557,328263261,410133314,312819078,319667221
"Harrisburg-Carlisle, PA",Millions of USD,2894365250,3030351444,3052760144,2926180168,2252454895,2345913432,2338166064,2400788768,2558559426,3010937582
"Harrisonburg, VA",Millions of USD,158256393,383092924,391150091,543674338,512952023,427839635,455064743,395613150,420494676,423649203
"Hartford-East Hartford-Middletown, CT",Millions of USD,9680377089,10152245431,10463907952,10092409626,10412387262,10716726121,13086848831,11820495772,8843693437,9386925077
"Hattiesburg, MS",Millions of USD,315567636,322135784,271084190,287494904,276997441,251180497,282649810,266844518,328250971,498145317
"Hickory-Lenoir-Morganton, NC",Millions of USD,1698223968,1784519364,1894679810,1797250223,1760733970,1970109639,2045263668,1734624795,1354465927,1437969041
"Hilton Head Island-Bluffton, SC",Millions of USD,,119716784,47672145,49782658,39181578,45257248,45021885,48496498,49404208,61411902
"Hinesville, GA",Millions of USD,389373812,392649054,346370969,313609892,307186516,398647118,437007310,394238151,289242716,318695272
"Holland-Grand Haven, MI",Millions of USD,1967967448,,,,,,,,,
"Homosassa Springs, FL",Millions of USD,,13030237,13891654,17040245,10654044,12071722,9250909,16848705,13302299,15879108
"Hot Springs, AR",Millions of USD,87869780,61466181,78864192,95829244,78245636,80420222,71937018,73970675,53568165,72526498
"Houma-Thibodaux, LA",Millions of USD,437299054,695158952,498577596,496156288,269720532,287421958,311481681,952604852,1977140541,1263642567
"Houston-The Woodlands-Sugar Land, TX",Millions of USD,1.10298E+11,1.14963E+11,1.18966E+11,97054325126,84105472224,95760274768,1.20714E+11,1.29656E+11,1.04538E+11,1.4075E+11
"Huntington-Ashland, WV-KY-OH",Millions of USD,439401388,1454291056,1649065203,1557038439,1131242011,1068096470,768952068,981887732,948989586,1109246708
"Huntsville, AL",Millions of USD,1491533592,1518688622,1440410553,1344737221,1827330648,1889195653,1608665975,1534240305,1263003457,1579540735
"Idaho Falls, ID",Millions of USD,280663736,322942192,314430515,307671222,314416797,338093221,303627672,293564927,236198257,253569012
"Indianapolis-Carmel-Anderson, IN",Millions of USD,10436038962,9747498789,9539351506,9809400594,9655444522,10544178745,11069931584,11148667954,11100426944,12740361764
"Iowa City, IA",Millions of USD,335786648,327897182,320391505,308026572,282596274,290365063,313010288,328649209,311959734,395347215
"Ithaca, NY",Millions of USD,279820916,351784565,326485254,292041697,302022162,312309414,278733038,227403886,166412847,165258167
"Jackson, MI",Millions of USD,419892364,445818991,459386859,433022024,438471914,441682281,452371298,402903545,283072372,345986091
"Jackson, MS",Millions of USD,942848736,1252805240,1228968246,1336080039,1261593389,1155354854,1040975876,1039358773,582929404,800977459
"Jackson, TN",Millions of USD,396967503,443573050,326647151,361450966,338327530,334013692,438367867,440202012,397535532,397012191
"Jacksonville, FL",Millions of USD,2595020515,2467786307,2473662925,2564415477,2159011544,2141726794,2406690014,2975478834,2473343902,2683749273
"Jacksonville, NC",Millions of USD,,27067971,50889253,54820793,52812002,52407192,,43968952,30079128,28888998
"Janesville-Beloit, WI",Millions of USD,922849088,821425846,974675466,966051019,1009576513,1012712761,825803891,806681430,704905257,871529192
"Jefferson City, MO",Millions of USD,206982491,208570746,198417102,225677052,209066136,246290279,264307972,279967574,254333036,259540999
"Johnson City, TN",Millions of USD,134070413,128701987,138947933,130653145,148308569,141880888,144704267,167296965,132455816,456597591
"Johnstown, PA",Millions of USD,138309252,98790437,113636465,114132820,75956644,69457262,81167192,82193777,76802976,107761024
"Jonesboro, AR",Millions of USD,128184793,139714470,111909497,97208024,100767089,97258192,119654993,138325036,137299310,149490151
"Joplin, MO",Millions of USD,247386103,240795003,267065847,254467077,241408853,203768977,264387715,255335637,236318346,326383124
"Kahului-Wailuku-Lahaina, HI",Millions of USD,,9496238,13306278,7085682,8664205,5803855,6044761,9993246,9871407,9898319
"Kalamazoo-Portage, MI",Millions of USD,1710568821,1920542139,1867247985,1355476320,1124354229,1105928127,1263116001,1695629149,2025334036,6910734926
"Kankakee, IL",Millions of USD,450055569,674994683,753201576,1310065203,1040123004,1211171725,1464560132,1551787231,1443901496,1322066133
"Kansas City, MO-KS",Millions of USD,7880782301,8012092691,8262877121,6723234015,6709772018,7014980393,7316916693,7652555351,7862732702,9177584790
"Kennewick-Richland, WA",Millions of USD,882545960,739546553,798428884,583947585,670804964,604455771,683256591,625483376,626187059,756400369
"Killeen-Temple, TX",Millions of USD,149305530,167383255,143237650,120782884,146707322,146323639,175187665,181579635,144977790,167945613
"Kingsport-Bristol, TN-VA",Millions of USD,4092028068,5621682913,5241510773,4623191347,3745625212,4712918752,5241794013,4677990704,4008312616,5038647321
"Kingston, NY",Millions of USD,200456113,225267079,209790909,226485159,195890852,196879800,192380165,183886288,181362067,154987057
"Knoxville, TN",Millions of USD,2656750923,2985218321,2690321504,2395429602,2409628395,2423850077,2585577825,2322748778,2239516763,2263096874
"Kokomo, IN",Millions of USD,1422379602,1714977349,1997328782,1559256124,1379104073,1516582451,1624192575,1355908519,780792113,737993916
"La Crosse-Onalaska, WI-MN",Millions of USD,695010997,672063857,665597751,619625760,553699774,537448474,515630866,512299508,452504405,409053048
"Lafayette, LA",Millions of USD,725953453,1261776573,1532684015,1165214742,1335212829,954843943,1001738697,1086218516,946160868,895659108
"Lafayette-West Lafayette, IN",Millions of USD,711459467,659090097,653705601,630707321,713376941,1032609250,1620666675,1538448363,1592273689,1872424307
"Lake Charles, LA",Millions of USD,4749472040,5661722274,5523528395,4283879319,3766742968,6602157063,8361686182,10414869420,10558526229,18468887503
"Lake Havasu City-Kingman, AZ",Millions of USD,223855734,252219194,255188252,99100277,54612435,52039228,63044133,49337860,35611518,36871661
"Lakeland-Winter Haven, FL",Millions of USD,1870842265,1907154200,2151920723,1318558893,995515833,1147155066,1299758933,1141541708,1013500281,1140969644
"Lancaster, PA",Millions of USD,1084201681,1062389384,974257482,901337391,885078516,925769047,1086848985,973957084,854075561,867246976
"Lansing-East Lansing, MI",Millions of USD,756032603,864891309,936000626,852477155,936278961,1132394041,1434148445,1136135416,966179820,1206179180
"Laredo, TX",Millions of USD,5236472957,5569272628,6325120000,7842725571,8753411563,9160662034,9869842440,10632968838,8758353022,8647134066
"Las Cruces, NM",Millions of USD,746148796,432990135,1346343223,1593747186,1568597942,1390175350,1467463691,,2149538071,2408152989
"Las Vegas-Henderson-Paradise, NV",Millions of USD,1811480065,2008218342,2509707328,2916158459,2312251559,2710565139,2240604882,2430835458,1705947074,1866166131
"Lawrence, KS",Millions of USD,65712349,79182956,91526684,75902772,71725578,78518830,71889624,74913344,53845095,72758649
"Lawton, OK",Millions of USD,16231099,14387179,18716611,16849314,14899160,21007506,27856530,23144586,20430294,24860267
"Lebanon, PA",Millions of USD,339015610,347824981,579757075,606557909,541582438,526799638,403255679,347278706,310682479,356896346
"Lewiston, ID-WA",Millions of USD,87601387,95883693,85086390,98735838,144048069,147655829,126501920,106667404,116950737,148028500
"Lewiston-Auburn, ME",Millions of USD,131163676,109556588,113836620,112612333,101772010,85195882,89766759,80416471,87701957,140701145
"Lexington-Fayette, KY",Millions of USD,2462073128,2294002557,2191397301,2065693886,2069591718,2119777011,2147986800,2093772011,1586303849,1880020801
"Lima, OH",Millions of USD,573296474,594877328,485405537,462665543,497380359,442062576,420608749,304365487,175957134,386441087
"Lincoln, NE",Millions of USD,904703642,818427565,1173850260,1189268672,796927016,860911056,885641240,807048145,726291107,872576765
"Little Rock-North Little Rock-Conway, AR",Millions of USD,2418879350,2497479099,2463532957,1777476431,1870989599,2146107813,1607408981,1642524316,,1370629533
"Logan, UT-ID",Millions of USD,363853808,400067706,469800783,453019577,481922742,504183123,573070685,592629873,699139761,1042962634
"Longview, TX",Millions of USD,625008332,583709860,549323414,313815127,236334399,215419447,256311247,221519865,297252392,397118157
"Longview, WA",Millions of USD,1549620019,2078053051,2944853486,2267663751,3721732794,4407372644,5285518589,4976193203,5874679062,7787553299
"Los Angeles-Long Beach-Anaheim, CA",Millions of USD,75007521224,76305733816,75471245156,61758749222,61245658229,63752891993,64814557594,61041098525,50185375304,58588415142
"Louisville/Jefferson County, KY-IN",Millions of USD,7706746680,8898005116,8877315140,8037890507,7793298620,8925859516,8986975043,9105532182,8360276427,10262787155
"Lubbock, TX",Millions of USD,657908219,536764889,564918190,330884314,282767595,452356290,555184657,493879338,434949553,406669467
"Lynchburg, VA",Millions of USD,463398997,503125761,508107248,522148273,459554724,464007978,432893637,433079817,294351225,254331078
"Macon-Bibb County, GA",Millions of USD,151922623,190803840,203189218,186719580,140951174,139305024,181850616,281584524,202765881,196819187
"Madera, CA",Millions of USD,291368440,376501582,454256245,503430630,434775345,356823889,373574029,475099311,420648988,395224901
"Madison, WI",Millions of USD,2168695827,2292109492,2369454223,2280447534,2204829903,2187714343,2460192222,2337640324,2450460347,2756251307
"Manchester-Nashua, NH",Millions of USD,1634890594,1445769813,1575394729,1556585023,1465184447,1714707268,1651380445,1587064351,1704893039,2077557736
"Manhattan, KS",Millions of USD,32858043,30374597,63394764,89346483,23782886,24619137,33273253,41144341,47238604,71741551
"Mankato, MN",Millions of USD,330610430,312262652,327294671,261623299,209809586,238524382,231870546,242771167,221400316,272165263
"Mansfield, OH",Millions of USD,359574278,343496382,309701920,298075156,311079299,313297914,360210898,339188548,297396080,345692941
"Mayaguez, PR",Millions of USD,10962827,7437705,3232105,5021563,2475126,3886882,6282634,9089119,8636563,12164789
"McAllen-Edinburg-Mission, TX",Millions of USD,5198545660,5265488806,5315994439,5327146116,5214282143,5659025038,6627868020,5234083385,4087620583,5164585804
"Medford, OR",Millions of USD,149376717,155449432,194912404,232638877,179343045,195297670,276307957,236773568,154617980,251368909
"Memphis, TN-MS-AR",Millions of USD,11360128193,11276392594,11001953854,11819537163,11628736176,11233909350,12695445992,13751699273,13350263014,16761498450
"Merced, CA",Millions of USD,791236363,960648228,1068408947,970789318,794725772,812126799,817659753,920632832,902442630,1061882485
"Miami-Fort Lauderdale-Pompano Beach, FL",Millions of USD,47858713857,41771504748,37969453744,33258546103,32734486559,34780478835,35650214616,35498859705,29112092218,36011273606
"Michigan City-La Porte, IN",Millions of USD,508334312,390198223,337932920,323116961,283390120,320141124,428197258,373575320,338094111,416577521
"Midland, MI",Millions of USD,,2567227629,3051350269,2739707837,2556165001,2664606155,2221352476,1763894948,1744091264,2357202321
"Midland, TX",Millions of USD,104413752,164104808,122658256,110053571,69581990,69413474,63581482,63672163,57736007,49948530
"Milwaukee-Waukesha, WI",Millions of USD,9175579141,8874632795,8695982137,7953576283,7256198167,7279085635,7337628668,6896334312,6623997724,7282752611
"Minneapolis-St. Paul-Bloomington, MN-WI",Millions of USD,25155739576,23747451055,21198214056,19608613988,18329245827,19070895448,20016213256,18632964889,17109459989,21098764957
"Missoula, MT",Millions of USD,79285107,64910650,55279296,69433051,65722823,61656470,80730007,63026215,55791967,111298386
"Mobile, AL",Millions of USD,1901894357,1549526091,1984393276,1828890939,1976560643,1828169245,2782216699,2483614895,2054916521,2343724786
"Modesto, CA",Millions of USD,1478056316,1778796571,1802692876,1986073400,1865988873,1710686942,1637330148,1669834793,1611751312,1671819426
"Monroe, LA",Millions of USD,145974741,168618933,149427417,168804703,115417292,123474885,214203082,451620101,425762169,498786209
"Monroe, MI",Millions of USD,489433853,730098571,783173922,705886577,595188925,561628127,613369944,558294158,513971329,600410228
"Montgomery, AL",Millions of USD,1770151074,1673075727,1732037248,1392459524,1119470525,1097037522,1274585688,1188957662,926330754,1085372346
"Morgantown, WV",Millions of USD,75853234,53875982,61403613,71560683,59369449,62453703,73528274,64272502,63244406,159830250
"Morristown, TN",Millions of USD,345324485,296997540,291791157,261796075,280827636,303936679,325067847,271059555,300800601,372956118
"Mount Vernon-Anacortes, WA",Millions of USD,1953988566,1682594638,1296276679,708321815,696298475,582324368,685335324,696986986,433401304,477021755
"Muncie, IN",Millions of USD,492818788,475473497,781371054,324087218,461750861,217586269,207661290,213314394,191329240,219354968
"Muskegon, MI",Millions of USD,650512468,678194571,745868635,708914233,818140911,978022283,1188644079,1091411701,723464684,687332938
"Myrtle Beach-Conway-North Myrtle Beach, SC-NC",Millions of USD,274406011,367391856,370945801,331377711,274326682,318997485,201250626,207137779,184048369,249279312
"Napa, CA",Millions of USD,300597600,317717188,343131135,361041312,342933048,403491402,396552588,357049815,342657418,447731892
"Naples-Marco Island, FL",Millions of USD,263509945,242389296,239143318,253155165,243157327,227064840,238796665,220988422,217157600,239595655
"Nashville-Davidson-Murfreesboro-Franklin, TN",Millions of USD,6402109822,8702830825,9620887012,9352994440,9460137126,10164273162,8723667061,7940739391,6569881767,8256075410
"New Bern, NC",Millions of USD,,328769129,593709653,378724760,335111901,319966555,323724588,271604922,258319744,285789616
"New Haven-Milford, CT",Millions of USD,1965327201,1903903105,1834451169,1756281733,1819755510,1876279847,2082273275,2133840484,2330537786,2667484827
"New Orleans-Metairie, LA",Millions of USD,24359505265,30030936867,34881538618,27023326350,29518837296,31648534991,36570444699,34109608369,31088449213,35773467619
"New York-Newark-Jersey City, NY-NJ-PA",Millions of USD,1.02298E+11,1.06923E+11,1.05267E+11,95645437667,89649453929,93693670003,97692369176,87365728473,75745446478,1.03931E+11
"Niles, MI",Millions of USD,469009177,479852085,411884854,320911329,276944288,383265358,375301570,366944788,332238340,313939948
"North Port-Sarasota-Bradenton, FL",Millions of USD,804454845,869737406,837948724,759986952,624451216,725308559,723330062,663754216,628694182,793972905
"Norwich-New London, CT",Millions of USD,262124585,233150667,217474238,405910403,322257541,254837188,731750083,453719802,584627369,455216711
"Ocala, FL",Millions of USD,161615157,160923603,167842492,142222781,138039350,143367858,133010588,125796062,120175043,144025269
"Ocean City, NJ",Millions of USD,32490459,30683907,26909007,29550284,31746195,,42311935,27012651,15229628,18938219
"Odessa, TX",Millions of USD,145589597,137059164,166551938,91882512,68786818,102510138,79538577,69812485,68028692,74288849
"Ogden-Clearfield, UT",Millions of USD,855461600,1310001755,1363606722,1415580778,1602239516,1581120748,1765962293,1719606990,1553284111,1535114938
"Oklahoma City, OK",Millions of USD,1574562133,1581677740,1622005775,1353057729,1259978679,1278799729,1489382642,1434462482,1326629405,1773168737
"Olympia-Lacey-Tumwater, WA",Millions of USD,317911130,248094538,282493039,219661140,334425598,253603462,282395995,287396828,252716535,419505479
"Omaha-Council Bluffs, NE-IA",Millions of USD,3529321157,4255872085,4528502754,3753375773,3509653972,3756217131,4371611893,3725746880,3852519616,4595123634
"Orlando-Kissimmee-Sanford, FL",Millions of USD,3850647288,3227697744,3134807409,3082669677,3363936566,3196728317,3131691110,3363904786,2849782552,3313611677
"Oshkosh-Neenah, WI",Millions of USD,1521778912,1342975737,1103108665,1322966004,1301253961,1711550494,1125631498,1121047415,1255431772,1290927160
"Owensboro, KY",Millions of USD,99253097,80587304,105689324,106955028,123378798,102090084,100940358,97769280,66242652,80020314
"Oxnard-Thousand Oaks-Ventura, CA",Millions of USD,2854649010,2893910501,2882399587,2991655286,3300588791,3306054735,3338848568,3022751776,2583087468,2990533564
"Palm Bay-Melbourne-Titusville, FL",Millions of USD,982260844,984285702,1223275278,1224462098,1490144678,1193192155,1419172772,1397055172,1264208902,1683754278
"Palm Coast, FL",Millions of USD,49270713,,,,,,,,,
"Panama City, FL",Millions of USD,109911218,275508283,388316373,195948136,193024689,185053684,191267644,138936043,113658645,167966351
"Parkersburg-Vienna, WV",Millions of USD,1181158276,904529937,846235287,790240324,869809167,825749795,911473281,892556422,732225220,841113850
"Pascagoula, MS",Millions of USD,,,,,,,,,,
"Pensacola-Ferry Pass-Brent, FL",Millions of USD,1133649844,1226272753,1430398983,1171014743,851516337,899539737,1153917263,987131503,782099599,1215974687
"Peoria, IL",Millions of USD,17837998505,12184465636,11234776492,9826912591,7260145684,9403603426,9683581811,8151934173,4942010581,3753328316
"Philadelphia-Camden-Wilmington, PA-NJ-DE-MD",Millions of USD,22991580672,24929208393,26321252091,24236068424,21359859247,21689689603,23663218226,24721324317,23022070738,28724447677
"Phoenix-Mesa-Chandler, AZ",Millions of USD,10834262990,11473532187,12764439477,13821528121,12838188632,13223063245,13614869197,15136633149,11073932794,14165085400
"Pine Bluff, AR",Millions of USD,280981850,205371145,259287363,251358550,245320400,283736666,270714871,249303902,216404484,201147389
"Pittsburgh, PA",Millions of USD,14134705525,10444416083,10015798003,9137102613,7970979856,9322745513,9824164508,9672880590,7545068935,9469599138
"Pittsfield, MA",Millions of USD,454479994,467486462,517887501,537852234,488976409,232917444,232567607,179982122,146047801,209551302
"Pocatello, ID",Millions of USD,150643565,166252089,224827949,198501282,152209445,103094726,117002609,140947405,141827622,151395176
"Ponce, PR",Millions of USD,575429959,549330985,524009026,560557016,495817411,584792267,487706063,470436782,447751661,530290677
"Port St. Lucie, FL",Millions of USD,245256372,240151660,262136913,264640698,236099982,229882727,258874897,251188911,257421862,259686674
"Portland-South Portland, ME",Millions of USD,1200579180,880960291,1053053750,1140922274,1248172720,1269582673,1170293354,1099018198,936789882,1173691026
"Portland-Vancouver-Hillsboro, OR-WA",Millions of USD,20337729876,17606844113,18667226011,18847798760,20256775155,20788844507,21442868087,23761899244,27824710650,33787471258
"Poughkeepsie-Newburgh-Middletown, NY",Millions of USD,1201794269,,,,,,1490989547,1002296835,1213761874,1706635024
"Prescott Valley-Prescott, AZ",Millions of USD,42946847,41182101,49971153,50966561,87163953,55188691,122388977,128050035,95698932,115174042
"Providence-Warwick, RI-MA",Millions of USD,5830785377,6609035833,6595140478,5048821525,6595678197,7125435545,6236622168,7424804937,6685239760,6708229024
"Provo-Orem, UT",Millions of USD,2058120830,2789225202,2533411239,2216449642,1894808515,2065277028,1788092913,1783683473,1888464473,2053805345
"Pueblo, CO",Millions of USD,189693789,178886581,206673406,205027846,208228030,230315925,276826741,292194027,137485167,165425666
"Punta Gorda, FL",Millions of USD,34754171,33243790,50723002,32960930,26462104,28378938,24616294,25676292,21698575,39826726
"Racine, WI",Millions of USD,1497740908,1632173912,1490406735,1233544964,1097327380,1344241307,1525970768,1602910844,1522089456,2779614280
"Raleigh-Cary, NC",Millions of USD,2308052342,2280555122,2713108994,2553417403,2620418205,2865773943,3193213893,3546790531,3372004972,3962743448
"Rapid City, SD",Millions of USD,23100001,29518645,17836273,16143620,12881053,21818979,25776017,31074700,30547976,32795686
"Reading, PA",Millions of USD,1713663302,1652991633,1742551789,1777949004,1813902546,1932612353,2149776939,1980356642,1713008920,1755076971
"Redding, CA",Millions of USD,76124164,89655637,87844818,79866445,82666210,81622386,97487244,105356299,82311491,108592552
"Reno, NV",Millions of USD,2018999123,2117398703,2138882740,1943308238,2382141878,2517301646,2631735079,2598262464,4553283003,4502971173
"Richmond, VA",Millions of USD,4328084565,4337164815,3306993387,3325871778,3525727922,3663666265,3534991686,3203233105,2719070266,3010737106
"Riverside-San Bernardino-Ontario, CA",Millions of USD,7986439896,9568951813,9134781205,8969986984,10211645251,8782291530,9745682271,9737605396,8459789199,11064263578
"Roanoke, VA",Millions of USD,716621999,746497864,690855408,637577872,613279507,616240008,679120821,738178351,593288498,658148110
"Rochester, MN",Millions of USD,1023714849,1061042539,720514597,530189444,397998014,495293355,537550358,390058319,193952671,224916121
"Rochester, NY",Millions of USD,5329839321,5092020130,5150229173,5038427874,4627455932,4719187527,4688271939,4321507098,3867032651,4075632942
"Rockford, IL",Millions of USD,1918746030,2526246205,2491455171,2320838433,2229793332,2525224580,2934358895,2907190060,2746586076,3778801559
"Rocky Mount, NC",Millions of USD,1076477920,1057479242,1070116232,910068013,888531860,949516751,1069083842,1162284298,972558688,942885593
"Rome, GA",Millions of USD,125666513,103550050,96586198,80191007,98660431,83654060,92216008,78038729,86464878,111534885
"Sacramento-Roseville-Folsom, CA",Millions of USD,5194595750,5777052921,7143936091,8101191529,7032145123,6552619373,6222823862,5449170133,4980869689,5682329715
"Saginaw, MI",Millions of USD,1781144803,1341081499,1308119188,1128855191,1450780560,1375881981,1098985019,952039414,814115763,1119804034
"Salem, OR",Millions of USD,437315619,414404744,374846342,385441056,358157589,339010408,410217120,405652591,350549058,372020896
"Salinas, CA",Millions of USD,844257766,929671992,911095178,871623209,811520701,853060647,870133593,1053852418,965146439,1047526375
"Salisbury, MD-DE",Millions of USD,,1176941287,1143853984,496317524,459960983,466889406,556461274,760494826,701404784,1243421744
"Salt Lake City, UT",Millions of USD,15989999420,11867171920,8361483385,10380542546,8653682223,7916916946,9748588431,13273851193,13565454982,13469107614
"San Angelo, TX",Millions of USD,183027712,193069947,251247123,279462633,300029894,328127546,377088435,335732077,290018791,348439339
"San Antonio-New Braunfels, TX",Millions of USD,14010234128,19287645505,25781764299,15919234604,5621201302,9184089574,11678053273,11667970888,10987908074,13086350351
"San Diego-Chula Vista-Carlsbad, CA",Millions of USD,17183269138,17885518128,18585667916,17439733545,18086565495,18637096248,20156795824,19774080393,18999663745,23687776742
"San Francisco-Oakland-Berkeley, CA",Millions of USD,23031671910,25305259488,26863687210,25061063732,24506252266,29103837825,27416950538,28003811174,23864542190,29971963195
"San German, PR",Millions of USD,109368720,120069281,119583771,101580799,92576126,75721645,71859302,56138495,28511029,28554746
"San Jose-Sunnyvale-Santa Clara, CA",Millions of USD,26687656696,23413132525,21128754035,19827201627,21716780986,21464730899,22224238199,20909399826,19534483142,22293623006
"San Juan-Bayamon-Caguas, PR",Millions of USD,17596236119,19265668417,19333586199,19321545278,19121775513,15283631913,17093807767,18886914767,15077936018,16152596045
"San Luis Obispo-Paso Robles, CA",Millions of USD,312685678,277702482,293463932,288746236,291794391,268133963,312759599,322038976,276894473,338338651
"Sandusky, OH",Millions of USD,219226962,,,,,,,,,
"Santa Cruz-Watsonville, CA",Millions of USD,838042424,888559108,852435269,789658000,706674840,706851173,718715596,708413865,761104320,879818677
"Santa Fe, NM",Millions of USD,41249504,18694409,37825768,28662693,31309109,26892756,21962865,17564539,11705424,16611459
"Santa Maria-Santa Barbara, CA",Millions of USD,1147345815,1152601847,1328676690,1328628972,1269318838,1305288170,1352878902,1426540189,1367769241,1497925161
"Santa Rosa-Petaluma, CA",Millions of USD,1059056392,1044846642,1103712134,1119771766,1194268109,1168177963,1231705227,1234490899,1131429728,1301811418
"Savannah, GA",Millions of USD,4116474877,5436438068,5093382850,5447496914,4263439244,4472026530,5407820431,4925492688,4557045701,5520454106
"Scranton-Wilkes-Barre, PA",Millions of USD,1359654243,1331889302,1338561145,1321987254,1446706542,1506922505,1733784741,1615692226,1288966194,1379568583
"Seattle-Tacoma-Bellevue, WA",Millions of USD,50301690645,56686350740,61938429466,67226361094,61881032172,59007005778,59742928935,41249042708,23850986299,28866676851
"Sebastian-Vero Beach, FL",Millions of USD,175509416,138187666,137584380,123431672,103149370,119880877,142256931,147697541,142173583,188393297
"Sebring-Avon Park, FL",Millions of USD,,20273454,14738819,17440502,12452987,11752787,10466341,12027732,18217484,23194349
"Sheboygan, WI",Millions of USD,610679162,628122626,709337465,685607432,679580844,714085532,855437985,821927227,750653494,837921564
"Sherman-Denison, TX",Millions of USD,607028712,435530952,347283547,320426124,423773488,420649940,466944627,441908587,506172001,546344822
"Shreveport-Bossier City, LA",Millions of USD,309616384,350672563,472691155,548172101,474340487,502919389,561847777,528480203,325397234,403757625
"Sierra Vista-Douglas, AZ",Millions of USD,,418352654,425041369,340704119,266797028,234385119,251981604,258913521,223596010,257500369
"Sioux City, IA-NE-SD",Millions of USD,1769241347,1508625712,1704710430,1330728405,1297162726,1270555867,1190927580,1241728417,1177826270,1481787838
"Sioux Falls, SD",Millions of USD,439501016,432968806,455339902,375040750,334331650,386750899,399967962,431456995,524947370,547345507
"South Bend-Mishawaka, IN-MI",Millions of USD,1596854698,1522122153,1441157511,1300498795,1545056965,1277925201,1277867039,1175827180,756375033,875309901
"Spartanburg, SC",Millions of USD,2076826334,2288519417,2190177841,2041272811,2099172340,1976889984,2339915433,1979164232,1735134352,1918641249
"Spokane-Spokane Valley, WA",Millions of USD,873470610,862385928,806319828,823401134,836498440,861055490,730013753,765963917,766251362,975749845
"Springfield, IL",Millions of USD,99451793,97456630,94359217,111650865,88319886,107462235,91183140,99831414,90452038,98854685
"Springfield, MA",Millions of USD,928801642,816946269,914021071,868873104,820010714,785037054,982539980,932103514,833295541,998940864
"Springfield, MO",Millions of USD,401722031,437520762,450382881,441876100,438741244,430227224,444624318,443079526,404076573,417697432
"Springfield, OH",Millions of USD,311246017,225287442,219898692,250185707,212687817,255981080,275887061,338641675,212712887,211667636
"St. Cloud, MN",Millions of USD,311903023,337024066,381898861,302266693,266323991,292567783,313933754,297460338,231876540,270713581
"St. George, UT",Millions of USD,55845395,53508430,40016808,41958952,36096671,57413324,50722215,50311879,63343361,69204785
"St. Joseph, MO-KS",Millions of USD,827382816,867747535,932097168,1027103764,904194718,763931070,677076798,551727122,490819003,654415930
"St. Louis, MO-IL",Millions of USD,14642346178,12393602643,10359825769,8913708569,8346528095,9662939707,10866814653,10711079268,9089359006,10486118705
"State College, PA",Millions of USD,234788526,218049238,232041036,225393387,221610959,236777479,210541371,197098095,175130048,215409778
"Staunton, VA",Millions of USD,,274685977,314054666,271209452,289186432,306947179,306657160,252248980,241606989,269125116
"Stockton, CA",Millions of USD,1181243334,1294748451,1359689001,1493434704,1300382769,1364209553,4391713629,5600266556,8071794946,5073358656
"Sumter, SC",Millions of USD,156304901,187404120,203695323,173841496,129512286,132376274,178828402,178486976,127906982,118790475
"Syracuse, NY",Millions of USD,1915451253,1753333240,1922464360,1930340581,1853130584,2078394742,2116744354,1945175487,1882900753,2191198743
"Tallahassee, FL",Millions of USD,130752507,122502739,174044413,191154966,223095711,241077190,270831143,219695001,201905854,229771361
"Tampa-St. Petersburg-Clearwater, FL",Millions of USD,7190041538,6673044350,5817256543,5660423267,5702874344,6256027028,4966655200,6219724975,5082174739,5754747474
"Terre Haute, IN",Millions of USD,340533281,321647293,287701278,257571199,282203731,269623556,235844850,221328165,204326233,219065604
"Texarkana, TX-AR",Millions of USD,123269235,157826151,155379580,189732006,104140033,267627187,,,,95566740
"The Villages, FL",Millions of USD,,10284323,8773215,6633463,4049580,6553395,31093100,31077520,21109716,54202153
"Toledo, OH",Millions of USD,2746031971,3355858688,4748225050,4021333448,3876818800,3366514963,3756464806,3870449003,3192152473,4654016397
"Topeka, KS",Millions of USD,265048740,303323394,364951911,363452239,305183497,300699598,285894264,282517630,300521011,424432235
"Trenton-Princeton, NJ",Millions of USD,712984714,879164279,947112806,812852181,969627764,1159312712,1127691927,1218198343,1158593961,1336373633
"Tucson, AZ",Millions of USD,2508279739,2589885607,2277397330,2485851703,2563894045,2683921450,2824848419,2943698339,2640731192,2846086569
"Tulsa, OK",Millions of USD,3578904431,3818002775,3798502940,2699655564,2363025001,2564712405,3351737252,3399246859,2567846497,3064817255
"Tuscaloosa, AL",Millions of USD,,,,,,,,,5174976884,6675511251
"Twin Falls, ID",Millions of USD,,,,,,219995580,212725170,237999488,238785805,261200024
"Tyler, TX",Millions of USD,221142614,219620711,301060131,207347085,176730229,234489947,146016255,97137650,120425548,173241762
"Urban Honolulu, HI",Millions of USD,306336206,323195765,765481677,446446230,330341306,393647050,438852013,308573197,169012867,164309861
"Utica-Rome, NY",Millions of USD,768525547,713352307,735218780,712579244,551166999,558852778,599543189,576008193,607309438,692615867
"Valdosta, GA",Millions of USD,165767455,252061582,305579822,257586596,203877904,245004736,268078819,232013886,307695795,565998482
"Vallejo, CA",Millions of USD,721389782,564331629,516295852,564603147,574683137,786198263,778415749,812477089,896352087,603551363
"Victoria, TX",Millions of USD,992297016,159308771,153041028,99673100,43073310,69104830,49957433,101481182,126781463,103897260
"Vineland-Bridgeton, NJ",Millions of USD,355725148,387213653,379446797,286516092,253631021,310291757,368472919,431293740,366240678,450771127
"Virginia Beach-Norfolk-Newport News, VA-NC",Millions of USD,2734974053,2539191691,3573238853,3556433136,3291071556,3307202395,3950593872,3642415478,4284268746,4566348654
"Visalia, CA",Millions of USD,1113350330,1178663294,1323703622,1086762188,1097130097,1371633441,1654902912,1466796835,1332213152,1313180822
"Waco, TX",Millions of USD,398046200,353027675,480809663,469354709,1107417158,476360173,602977283,,655507381,866402914
"Walla Walla, WA",Millions of USD,,147127204,144569757,136447818,127003477,158203101,133173317,149705394,154957198,241639139
"Warner Robins, GA",Millions of USD,52983233,137640326,136079328,87625698,110000552,148664268,151682512,122014195,117584433,215517540
"Washington-Arlington-Alexandria, DC-VA-MD-WV",Millions of USD,14609712467,16224986841,13053622969,13900443057,13582431701,12736108330,13602704545,14563837157,13537253907,12210815472
"Waterloo-Cedar Falls, IA",Millions of USD,371854101,300280697,361514230,305760067,276262886,255922784,240807956,257405152,247274378,270086735
"Watertown-Fort Drum, NY",Millions of USD,,160135307,212433562,206759810,158268171,164462747,172533496,181059268,156260976,211373238
"Wausau-Weston, WI",Millions of USD,295823126,299696102,278288272,272736217,268965270,301089427,319581570,314116562,333677743,336413376
"Weirton-Steubenville, WV-OH",Millions of USD,154160192,140428613,148446869,152981084,153173584,175762852,216441015,193479303,146886159,186620562
"Wenatchee, WA",Millions of USD,511040172,518962724,529819668,506270819,510333278,612363575,638375759,599857203,560040074,540972065
"Wheeling, WV-OH",Millions of USD,74607429,85171771,116471735,117660789,242361512,480392547,,,511789169,
"Wichita Falls, TX",Millions of USD,224481765,235168706,244276365,247514538,200675636,197778477,211925798,234899939,174612348,184164042
"Wichita, KS",Millions of USD,4250327707,3785471792,4011681270,3717568649,3054892449,3299161390,3816955609,3494665539,2882073414,3615316283
"Williamsport, PA",Millions of USD,238338895,252359106,274658721,257291907,280027987,277558445,296160495,288342590,305245013,336288594
"Wilmington, NC",Millions of USD,923454440,766685089,571870223,617344881,598708163,759804819,634411361,526384139,553588703,497752020
"Winchester, VA-WV",Millions of USD,284335529,352741202,408404604,290798259,314794152,279766793,284212212,293531073,252189691,310292628
"Winston-Salem, NC",Millions of USD,1148100852,1660146357,1441904078,1267386607,1234645247,1131733544,1107455325,1209090791,913104591,918168030
"Worcester, MA-CT",Millions of USD,2966175120,3393550202,3126575713,3144131521,3093463473,2929555122,2573631992,2221489884,2026397002,2624624330
"Yakima, WA",Millions of USD,1164300033,1236803093,1288791992,1251324747,1145926444,1264199284,1271242796,1145424865,991440616,1113240675
"Yauco, PR",Millions of USD,53046130,,,,,,44385416,56949389,84053812,175991421
"York-Hanover, PA",Millions of USD,1888984558,2112646954,2024304131,2075832426,2077975185,2204369483,2545683367,2475017355,1748855730,2156286812
"Youngstown-Warren-Boardman, OH-PA",Millions of USD,1211892314,1425245565,1267985599,1252411064,1111310449,1225770279,1392419981,1075426290,795316040,903357660
"Yuba City, CA",Millions of USD,309109600,340197131,356670784,338217107,287281088,291849364,269042910,260966958,272319404,244604707
"Yuma, AZ",Millions of USD,373633245,460274194,,,,383012156,375460722,517164559,519386831,536369091
Z-Non Metropolitan Areas,Millions of USD,1.8509E+11,1.74718E+11,1.83285E+11,1.71995E+11,1.6656E+11,1.81075E+11,1.8811E+11,1.84515E+11,1.64699E+11,1.99534E+11
Z-Other Metropolitan Areas,Millions of USD,10460246582,5453324210,6175374189,6460148527,7399777997,12277043175,7813451534,11200781661,6339774888,2927471678
